How did you receive the form?,Drop Off Location for year 2024,Stake for year 2024,Time Spent Collecting Donations,# of Adult Volunteers for year 2024,# of Youth Volunteers for year 2024,Doors in Route for year 2024,Donation Bags Collected for the year 2024,Completed More Than One Route for year 2024,How many routes did you complete? for year 2024,Comment Sentiments for year 2024,Comments or Feedback for year 2024,COMBINED STAKES
In person,Bearspaw Chapel,Riverbend Stake,0 - 30 Minutes,7,7,78,599,No,1,Neutral,No Comments,Woodbend Ward
In person,Bearspaw Chapel,Riverbend Stake,0 - 30 Minutes,7,7,78,599,No,1,Neutral,No Comments,Woodbend Ward
In person,Londonberry Chapel,Bonnie Doon Stake,0 - 30 Minutes,1,0,1,1,No,1,Neutral,No Comments,Clareview Ward
In person,Gateway Stake Centre ,Gateway Stake,0 - 30 Minutes,2,2,20,20,No,1,Neutral,No Comments,Lee Ridge Ward
In person,Bonnie Doon Stake Centre,Bonnie Doon Stake,0 - 30 Minutes,2,2,20,15,No,1,Neutral,No Comments,Forest Heights Ward
In person,Bearspaw Chapel,Gateway Stake,30 - 60 Minutes,2,3,144,25,Yes,2,Neutral,No Comments,Lee Ridge Ward
In person,Gateway Stake Centre ,Gateway Stake,30 - 60 Minutes,1,0,230,21,No,1,Neutral,No Comments,Silver Berry Ward
In person,Bonnie Doon Stake Centre,Bonnie Doon Stake,0 - 30 Minutes,2,0,75,7,No,1,Neutral,No Comments,Forest Heights Ward
In person,Gateway Stake Centre ,Gateway Stake,30 - 60 Minutes,2,0,280,32,Yes,2,Negative,Route 2 included with route 1 numbers,Crawford Plains Ward
In person,Londonberry Chapel,Bonnie Doon Stake,30 - 60 Minutes,2,3,21,23,No,1,Neutral,No Comments,Londonderry Ward
In person,Riverbend Stake Centre,Riverbend Stake,1 Hour - 1.5 Hours,3,3,45,15,No,1,Positive,Everything was good. Paper bags were better than plastic. ,Woodbend Ward
In person,Riverbend Stake Centre,Riverbend Stake,30 - 60 Minutes,2,4,172,18,No,1,Positive,"good participation from our route, smooth process",Woodbend Ward
In person,Bearspaw Chapel,Gateway Stake,0 - 30 Minutes,2,0,135,26,No,1,Negative,A lot of time spent delivering bags in the week about an hour,Blackmud Creek Ward
In person,Bonnie Doon Stake Centre,Bonnie Doon Stake,30 - 60 Minutes,2,4,0,30,No,1,Neutral,No Comments,Connors Hill Ward
In person,Londonberry Chapel,Bonnie Doon Stake,0 - 30 Minutes,2,0,18,18,No,1,Neutral,No Comments,Londonderry Ward
In person,Londonberry Chapel,Bonnie Doon Stake,0 - 30 Minutes,2,1,10,12,No,1,Neutral,No Comments,Londonderry Ward
via Email,Bearspaw Chapel,Gateway Stake,30 - 60 Minutes,2,3,3,36,No,1,Neutral,No Comments,Blackmud Creek Ward
In person,Gateway Stake Centre ,Gateway Stake,30 - 60 Minutes,3,4,117,30,No,1,Positive,Its fun and it helps,Silver Berry Ward
In person,Bonnie Doon Stake Centre,Bonnie Doon Stake,0 - 30 Minutes,2,1,125,7,No,1,Negative,"Router seems to be declining, quite a few houses with no flyer/junk mail‚Ä¶ should deliver to them anyway.",Forest Heights Ward
In person,Bearspaw Chapel,Gateway Stake,30 - 60 Minutes,2,1,12,20,No,1,Neutral,No Comments,Blackmud Creek Ward
In person,Gateway Stake Centre ,Gateway Stake,0 - 30 Minutes,2,0,236,16,No,1,Neutral,No Comments,Silver Berry Ward
In person,Riverbend Stake Centre,Riverbend Stake,30 - 60 Minutes,3,2,50,8,No,1,Positive,Great experience. ,Woodbend Ward
In person,Edmonton North Stake Centre,Edmonton North Stake,30 - 60 Minutes,2,3,215,38,No,1,Neutral,No Comments,Griesbach Ward
In person,Gateway Stake Centre ,Gateway Stake,1 Hour - 1.5 Hours,3,0,340,30,Yes,3,Neutral,No Comments,Crawford Plains Ward
In person,Bonnie Doon Stake Centre,YSA Stake,30 - 60 Minutes,3,0,66,15,No,1,Neutral,No Comments,Mill Creek YSA Ward
In person,Bonnie Doon Stake Centre,YSA Stake,30 - 60 Minutes,1,0,208,12,No,1,Neutral,No Comments,Whitemud Creek YSA Ward
In person,Bearspaw Chapel,Riverbend Stake,30 - 60 Minutes,2,0,174,23,No,1,Positive,It was a good experience ,Rutherford Ward
In person,Bonnie Doon Stake Centre,Bonnie Doon Stake,0 - 30 Minutes,2,0,100,12,No,1,Negative,"We're actually in the Strathcona Married Student Ward, but they was not an option from the drop down menu.",Forest Heights Ward
In person,Bonnie Doon Stake Centre,YSA Stake,30 - 60 Minutes,1,0,208,12,No,1,Neutral,No Comments,Whitemud Creek YSA Ward
In person,Bonnie Doon Stake Centre,Bonnie Doon Stake,0 - 30 Minutes,2,2,167,20,No,1,Positive,It was hype,Forest Heights Ward
In person,Riverbend Stake Centre,Riverbend Stake,0 - 30 Minutes,2,0,100,10,No,1,Positive,great experience ,Rabbit Hill Ward
In person,Riverbend Stake Centre,Riverbend Stake,0 - 30 Minutes,1,2,100,6,No,1,Neutral,No Comments,Woodbend Ward
In person,Londonberry Chapel,Bonnie Doon Stake,0 - 30 Minutes,1,2,30,22,No,1,Neutral,No Comments,Clareview Ward
In person,Bearspaw Chapel,Gateway Stake,30 - 60 Minutes,2,1,148,28,No,1,Neutral,No Comments,Lee Ridge Ward
In person,Edmonton North Stake Centre,Edmonton North Stake,0 - 30 Minutes,1,0,177,12,No,1,Negative,Not sure about # of routes,Namao Ward
In person,Riverbend Stake Centre,Riverbend Stake,30 - 60 Minutes,1,2,169,11,No,1,Neutral,No Comments,Rutherford Ward
In person,Londonberry Chapel,Bonnie Doon Stake,0 - 30 Minutes,1,3,7,10,No,1,Neutral,No Comments,Londonderry Ward
In person,Londonberry Chapel,Bonnie Doon Stake,2+ Hours,2,0,40,15,No,1,Negative,It was better last year,Londonderry Ward
In person,Londonberry Chapel,Bonnie Doon Stake,0 - 30 Minutes,1,0,60,17,No,1,Neutral,No Comments,Londonderry Ward
In person,Gateway Stake Centre ,Gateway Stake,30 - 60 Minutes,4,0,116,50,Yes,2,Positive,It was amazing! Glad were able to help,Crawford Plains Ward
In person,Londonberry Chapel,Bonnie Doon Stake,0 - 30 Minutes,2,2,99,24,No,1,Neutral,No Comments,Clareview Ward
In person,Bearspaw Chapel,Gateway Stake,30 - 60 Minutes,2,2,161,56,No,1,Neutral,No Comments,Blackmud Creek Ward
In person,Bonnie Doon Stake Centre,Bonnie Doon Stake,0 - 30 Minutes,2,2,75,8,No,1,Positive,Loved the paper bags - easier to distribute and pick up. Consider leaving extra bags with local businesses in each pick up area for added promotion and awareness for residents (who may have a no flyer sign) to grab a bag. ,Connors Hill Ward
In person,Londonberry Chapel,Bonnie Doon Stake,30 - 60 Minutes,2,0,13,14,No,1,Positive,Yellow bags were better ,Londonderry Ward
In person,Bearspaw Chapel,Gateway Stake,0 - 30 Minutes,2,0,170,30,No,1,Neutral,No Comments,Lee Ridge Ward
In person,Bonnie Doon Stake Centre,Bonnie Doon Stake,0 - 30 Minutes,2,0,194,21,No,1,Negative,Most houses have a no soliciting sign ,Connors Hill Ward
In person,Londonberry Chapel,Bonnie Doon Stake,30 - 60 Minutes,2,3,15,18,No,1,Neutral,No Comments,Londonderry Ward
In person,Bearspaw Chapel,Gateway Stake,30 - 60 Minutes,4,3,109,21,No,1,Negative,"Hoping for more, was disappointed with donations but understands the strain on the economy presently ",Blackmud Creek Ward
In person,Gateway Stake Centre ,Gateway Stake,30 - 60 Minutes,1,0,12,11,No,1,Positive,It was fun.,Silver Berry Ward
In person,Riverbend Stake Centre,Riverbend Stake,30 - 60 Minutes,2,1,280,40,No,1,Positive,Brighter color bags will eb easier to spot,Rabbit Hill Ward
In person,Bonnie Doon Stake Centre,Bonnie Doon Stake,0 - 30 Minutes,1,3,150,12,No,1,Neutral,No Comments,Forest Heights Ward
In person,Edmonton North Stake Centre,Edmonton North Stake,30 - 60 Minutes,2,0,217,13,No,1,Neutral,No Comments,Namao Ward
In person,Londonberry Chapel,Bonnie Doon Stake,0 - 30 Minutes,1,0,10,12,No,1,Neutral,No Comments,Clareview Ward
In person,Riverbend Stake Centre,Riverbend Stake,1 Hour - 1.5 Hours,2,2,191,30,No,1,Positive,Good,Rabbit Hill Ward
In person,Bonnie Doon Stake Centre,Bonnie Doon Stake,0 - 30 Minutes,1,4,115,4,No,1,Positive,Love it! ,Connors Hill Ward
via Email,Gateway Stake Centre ,Gateway Stake,0 - 30 Minutes,2,3,180,19,Yes,2,Neutral,No Comments,Ellerslie Ward
In person,Bearspaw Chapel,Gateway Stake,1 Hour - 1.5 Hours,1,1,156,50,No,1,Neutral,No Comments,Blackmud Creek Ward
In person,Edmonton North Stake Centre,Edmonton North Stake,1 Hour - 1.5 Hours,1,1,200,35,No,1,Positive,Half of our route filled my car lol,Namao Ward
In person,Bearspaw Chapel,Gateway Stake,30 - 60 Minutes,2,0,20,35,No,1,Positive,Not many people hell jn donations ,Blackmud Creek Ward
In person,Gateway Stake Centre ,Gateway Stake,30 - 60 Minutes,2,165,165,18,No,1,Neutral,No Comments,Lee Ridge Ward
In person,Gateway Stake Centre ,Gateway Stake,0 - 30 Minutes,1,0,1,10,No,1,Negative,I dont think I got the enough as last year,Lee Ridge Ward
In person,Edmonton North Stake Centre,Edmonton North Stake,1 Hour - 1.5 Hours,2,0,170,32,No,1,Neutral,No Comments,Namao Ward
In person,Edmonton North Stake Centre,Edmonton North Stake,30 - 60 Minutes,1,2,60,20,No,1,Positive,This was fun!,Griesbach Ward
In person,Bearspaw Chapel,Gateway Stake,30 - 60 Minutes,1,2,140,12,No,1,Neutral,No Comments,Lee Ridge Ward
In person,Bearspaw Chapel,Gateway Stake,30 - 60 Minutes,2,3,134,55,No,1,Positive,Love it,Blackmud Creek Ward
In person,Gateway Stake Centre ,Gateway Stake,0 - 30 Minutes,1,4,128,7,No,1,Neutral,No Comments,Crawford Plains Ward
In person,Bearspaw Chapel,Gateway Stake,30 - 60 Minutes,1,1,156,50,No,1,Positive,Pretty easy ,Blackmud Creek Ward
In person,Riverbend Stake Centre,Riverbend Stake,0 - 30 Minutes,2,2,100,12,No,1,Neutral,No Comments,Woodbend Ward
In person,Londonberry Chapel,Bonnie Doon Stake,0 - 30 Minutes,2,0,125,20,No,1,Neutral,No Comments,Clareview Ward
In person,Bonnie Doon Stake Centre,Bonnie Doon Stake,1 Hour - 1.5 Hours,3,0,195,40,No,1,Neutral,No Comments,Connors Hill Ward
In person,Londonberry Chapel,Bonnie Doon Stake,30 - 60 Minutes,0,2,177,19,No,1,Neutral,No Comments,Londonderry Ward
In person,Edmonton North Stake Centre,Bonnie Doon Stake,1 Hour - 1.5 Hours,1,1,200,30,No,1,Positive,Paper bags were a good idea,Forest Heights Ward
In person,Londonberry Chapel,Bonnie Doon Stake,1 Hour - 1.5 Hours,1,1,177,51,No,1,Positive,Apartment building collected bags by themselves . They want that bags should be dropped off for them as well,Londonderry Ward
In person,Bearspaw Chapel,Gateway Stake,0 - 30 Minutes,1,0,4,1,No,1,Neutral,No Comments,Blackmud Creek Ward
In person,Gateway Stake Centre ,Gateway Stake,30 - 60 Minutes,2,0,140,21,No,1,Neutral,No Comments,Crawford Plains Ward
In person,Riverbend Stake Centre,Riverbend Stake,30 - 60 Minutes,2,2,100,40,No,1,Positive,Good,Greenfield Ward
In person,Edmonton North Stake Centre,Edmonton North Stake,0 - 30 Minutes,2,0,80,6,No,1,Neutral,No Comments,Griesbach Ward
In person,Gateway Stake Centre ,Gateway Stake,30 - 60 Minutes,1,1,250,25,Yes,2,Neutral,No Comments,Crawford Plains Ward
In person,Gateway Stake Centre ,Gateway Stake,0 - 30 Minutes,3,0,100,20,No,1,Positive,Love this food drive,Crawford Plains Ward
In person,Gateway Stake Centre ,Gateway Stake,0 - 30 Minutes,3,0,100,20,No,1,Positive,Love this food drive,Crawford Plains Ward
In person,Bonnie Doon Stake Centre,Bonnie Doon Stake,0 - 30 Minutes,2,2,150,18,No,1,Neutral,No Comments,Forest Heights Ward
In person,Riverbend Stake Centre,Riverbend Stake,30 - 60 Minutes,2,2,140,50,No,1,Positive,Great irganization,Greenfield Ward
In person,Riverbend Stake Centre,Riverbend Stake,0 - 30 Minutes,1,2,125,28,No,1,Neutral,No Comments,Woodbend Ward
In person,Bearspaw Chapel,Gateway Stake,30 - 60 Minutes,2,3,130,35,No,1,Positive,It was good.,Lee Ridge Ward
In person,Gateway Stake Centre ,Gateway Stake,1 Hour - 1.5 Hours,2,0,130,16,No,1,Negative,We suggest not including this area next year.,Crawford Plains Ward
In person,Gateway Stake Centre ,Gateway Stake,0 - 30 Minutes,1,0,1,2,No,1,Neutral,No Comments,Crawford Plains Ward
via Email,Bonnie Doon Stake Centre,Bonnie Doon Stake,1 Hour - 1.5 Hours,2,2,200,23,No,1,Positive,Have volunteers leave a thank you flyer at homes that donated . Or a magnate ,Forest Heights Ward
In person,Londonberry Chapel,Bonnie Doon Stake,30 - 60 Minutes,2,0,40,26,Yes,2,Neutral,No Comments,Londonderry Ward
In person,Edmonton North Stake Centre,Edmonton North Stake,30 - 60 Minutes,2,0,166,20,No,1,Positive,Ty,Griesbach Ward
In person,Gateway Stake Centre ,Gateway Stake,30 - 60 Minutes,2,2,210,20,No,1,Neutral,No Comments,Ellerslie Ward
In person,Bearspaw Chapel,Riverbend Stake,30 - 60 Minutes,2,2,205,21,No,1,Neutral,No Comments,Rutherford Ward
In person,Londonberry Chapel,Bonnie Doon Stake,2+ Hours,2,0,177,9,No,1,Neutral,No Comments,Clareview Ward
In person,Gateway Stake Centre ,Gateway Stake,30 - 60 Minutes,4,2,173,17,No,1,Neutral,No Comments,Lee Ridge Ward
In person,Bearspaw Chapel,Bonnie Doon Stake,30 - 60 Minutes,2,0,150,40,No,1,Neutral,No Comments,Southgate Ward
In person,Bearspaw Chapel,Gateway Stake,30 - 60 Minutes,2,2,155,22,No,1,Negative,Area doesn‚Äôt have a lot of mailboxes had to place bags under mats not sure if everyone saw them due to change of bags and color as well ,Blackmud Creek Ward
In person,Gateway Stake Centre ,Gateway Stake,30 - 60 Minutes,2,2,200,35,No,1,Neutral,No Comments,Ellerslie Ward
In person,Bearspaw Chapel,Gateway Stake,30 - 60 Minutes,2,0,154,28,No,1,Neutral,No Comments,Lee Ridge Ward
In person,Bearspaw Chapel,Bonnie Doon Stake,30 - 60 Minutes,2,0,128,12,No,1,Neutral,No Comments,Southgate Ward
In person,Londonberry Chapel,Bonnie Doon Stake,30 - 60 Minutes,1,2,230,42,No,1,Neutral,No Comments,Clareview Ward
via Email,Gateway Stake Centre ,Gateway Stake,30 - 60 Minutes,2,0,131,20,No,1,Neutral,No Comments,Crawford Plains Ward
In person,Gateway Stake Centre ,Gateway Stake,0 - 30 Minutes,1,2,100,20,No,1,Neutral,No Comments,Ellerslie Ward
In person,Riverbend Stake Centre,Riverbend Stake,30 - 60 Minutes,2,3,150,30,No,1,Positive,Awesome!!!,Terwillegar Park Ward
In person,Riverbend Stake Centre,Riverbend Stake,30 - 60 Minutes,2,3,150,30,No,1,Positive,Awesome!!!,Terwillegar Park Ward
In person,Bearspaw Chapel,Gateway Stake,1 Hour - 1.5 Hours,1,3,169,20,No,1,Neutral,No Comments,Lee Ridge Ward
In person,Bearspaw Chapel,Gateway Stake,1 Hour - 1.5 Hours,2,2,153,35,No,1,Negative,Was disappointed with the amount of donations received ,Blackmud Creek Ward
In person,Riverbend Stake Centre,Riverbend Stake,1 Hour - 1.5 Hours,2,0,150,20,No,1,Neutral,No Comments,Devon Ward
In person,Bonnie Doon Stake Centre,Bonnie Doon Stake,30 - 60 Minutes,2,0,151,18,No,1,Negative,"I am in the Married Student Ward, but the route was called Strathcona 3",Southgate Ward
In person,Gateway Stake Centre ,Gateway Stake,30 - 60 Minutes,3,0,241,50,No,1,Positive,Good stuff,Silver Berry Ward
In person,Riverbend Stake Centre,Riverbend Stake,30 - 60 Minutes,2,0,187,45,No,1,Neutral,No comment ,Rutherford Ward
via Email,Gateway Stake Centre ,Gateway Stake,2+ Hours,2,3,280,48,Yes,2,Neutral,No Comments,Crawford Plains Ward
In person,Edmonton North Stake Centre,Edmonton North Stake,0 - 30 Minutes,2,2,180,15,No,1,Neutral,No Comments,Griesbach Ward
In person,Londonberry Chapel,Bonnie Doon Stake,30 - 60 Minutes,1,1,300,54,No,1,Neutral,No Comments,Clareview Ward
In person,Londonberry Chapel,Bonnie Doon Stake,30 - 60 Minutes,1,1,300,54,No,1,Neutral,No Comments,Clareview Ward
In person,Bearspaw Chapel,Gateway Stake,30 - 60 Minutes,2,2,100,25,No,1,Positive,It was nice.,Wild Rose Ward
In person,Gateway Stake Centre ,Gateway Stake,1 Hour - 1.5 Hours,3,1,230,21,No,1,Neutral,No Comments,Silver Berry Ward
In person,Londonberry Chapel,Bonnie Doon Stake,30 - 60 Minutes,2,1,300,55,Yes,2,Neutral,No Comments,Londonderry Ward
In person,Edmonton North Stake Centre,Edmonton North Stake,30 - 60 Minutes,5,4,286,29,No,1,Neutral,No Comments,Namao Ward
In person,Londonberry Chapel,Bonnie Doon Stake,30 - 60 Minutes,1,4,29,29,No,1,Negative,Route unknown ,Londonderry Ward
In person,Bonnie Doon Stake Centre,Bonnie Doon Stake,30 - 60 Minutes,2,3,90,12,No,1,Neutral,No Comments,Connors Hill Ward
via Email,Gateway Stake Centre ,Gateway Stake,30 - 60 Minutes,4,1,271,27,Yes,2,Neutral,No Comments,Crawford Plains Ward
In person,Londonberry Chapel,Bonnie Doon Stake,30 - 60 Minutes,2,0,177,20,No,1,Neutral,No Comments,Londonderry Ward
In person,Riverbend Stake Centre,Riverbend Stake,1 Hour - 1.5 Hours,2,2,242,26,Yes,2,Neutral,No Comments,Rabbit Hill Ward
In person,Bearspaw Chapel,Gateway Stake,0 - 30 Minutes,1,3,155,22,No,1,Neutral,No Comments,Blackmud Creek Ward
In person,Londonberry Chapel,Bonnie Doon Stake,30 - 60 Minutes,2,0,15,15,No,1,Neutral,No Comments,Londonderry Ward
via Email,Gateway Stake Centre ,Gateway Stake,0 - 30 Minutes,2,4,198,33,Yes,2,Neutral,No Comments,Ellerslie Ward
In person,Bonnie Doon Stake Centre,Bonnie Doon Stake,30 - 60 Minutes,2,0,75,15,No,1,Positive,"Super fun year to be part of this! 
",Forest Heights Ward
In person,Gateway Stake Centre ,Gateway Stake,1 Hour - 1.5 Hours,2,2,168,16,No,1,Neutral,No Comments,Silver Berry Ward
In person,Gateway Stake Centre ,Gateway Stake,30 - 60 Minutes,2,2,25,250,No,1,Neutral,No Comments,Ellerslie Ward
In person,Riverbend Stake Centre,Riverbend Stake,30 - 60 Minutes,2,0,97,15,No,1,Neutral,"No comment 
",Rutherford Ward
In person,Bearspaw Chapel,Gateway Stake,30 - 60 Minutes,2,2,130,20,No,1,Neutral,No Comments,Blackmud Creek Ward
In person,Riverbend Stake Centre,Riverbend Stake,1 Hour - 1.5 Hours,2,0,200,70,Yes,2,Positive,Friendly people‚Ä¶ some not friendly people. Had a lot of fun!,Terwillegar Park Ward
In person,Londonberry Chapel,Bonnie Doon Stake,30 - 60 Minutes,6,0,190,26,No,1,Negative,163a ave someone already dropped bags off and 164a someome already picked up the bags,Clareview Ward
In person,Londonberry Chapel,Bonnie Doon Stake,30 - 60 Minutes,1,0,20,24,No,1,Negative,Less people donated than last year,Londonderry Ward
In person,Edmonton North Stake Centre,Edmonton North Stake,1 Hour - 1.5 Hours,2,0,150,33,No,1,Neutral,No Comments,Griesbach Ward
In person,Londonberry Chapel,Bonnie Doon Stake,0 - 30 Minutes,1,1,177,18,No,1,Neutral,No Comments,Clareview Ward
In person,Londonberry Chapel,Bonnie Doon Stake,30 - 60 Minutes,2,3,16,16,Yes,2,Neutral,No Comments,Londonderry Ward
In person,Bonnie Doon Stake Centre,Bonnie Doon Stake,30 - 60 Minutes,2,3,250,39,No,1,Neutral,No Comments,Forest Heights Ward
In person,Edmonton North Stake Centre,Edmonton North Stake,30 - 60 Minutes,2,0,152,23,No,1,Neutral,No Comments,Namao Ward
In person,Bearspaw Chapel,Gateway Stake,2+ Hours,2,0,200,25,No,1,Neutral,No Comments,Lee Ridge Ward
In person,Gateway Stake Centre ,Gateway Stake,1 Hour - 1.5 Hours,2,1,174,230,No,1,Negative,The paper bag are bad   Recommendations for recycle bag,Silver Berry Ward
In person,Bearspaw Chapel,Gateway Stake,0 - 30 Minutes,2,2,177,22,No,1,Neutral,No Comments,Blackmud Creek Ward
In person,Riverbend Stake Centre,Riverbend Stake,30 - 60 Minutes,2,2,210,24,No,1,Positive,Should have thank you door knockers to put on where we picked up,Greenfield Ward
In person,Gateway Stake Centre ,Gateway Stake,1 Hour - 1.5 Hours,2,2,120,40,Yes,2,Positive,All good ,Rio Vista Ward
In person,Riverbend Stake Centre,Riverbend Stake,1 Hour - 1.5 Hours,1,1,40,40,No,1,Positive,Great!!,Terwillegar Park Ward
In person,Bearspaw Chapel,Gateway Stake,30 - 60 Minutes,2,3,219,28,Yes,2,Neutral,No Comments,Lee Ridge Ward
In person,Londonberry Chapel,Bonnie Doon Stake,30 - 60 Minutes,1,0,200,22,No,1,Positive,We got more than last year,Londonderry Ward
In person,Gateway Stake Centre ,Gateway Stake,30 - 60 Minutes,2,4,125,33,No,1,Neutral,No Comments,Rio Vista Ward
via Email,Gateway Stake Centre ,Gateway Stake,1 Hour - 1.5 Hours,6,4,250,30,Yes,2,Neutral,No Comments,Silver Berry Ward
In person,Londonberry Chapel,Bonnie Doon Stake,30 - 60 Minutes,3,0,200,33,No,1,Negative,"Need data refining- 20,7,6 bags",Clareview Ward
In person,Londonberry Chapel,Bonnie Doon Stake,30 - 60 Minutes,3,0,200,33,No,1,Negative,"Need data refining- 20,7,6 bags",Clareview Ward
In person,Londonberry Chapel,Bonnie Doon Stake,0 - 30 Minutes,2,0,96,7,No,1,Neutral,No Comments,Londonderry Ward
In person,Bonnie Doon Stake Centre,Bonnie Doon Stake,30 - 60 Minutes,2,0,104,13,No,1,Neutral,No Comments,Londonderry Ward
In person,Gateway Stake Centre ,Gateway Stake,30 - 60 Minutes,3,2,123,38,Yes,2,Neutral,No Comments,Crawford Plains Ward
In person,Gateway Stake Centre ,Gateway Stake,0 - 30 Minutes,1,0,135,17,No,1,Positive,Food bank drive collection was higher on thia route than last year.,Rio Vista Ward
In person,Gateway Stake Centre ,Gateway Stake,30 - 60 Minutes,3,2,168,20,No,1,Neutral,No Comments,Silver Berry Ward
In person,Bearspaw Chapel,Bonnie Doon Stake,30 - 60 Minutes,2,0,143,20,No,1,Neutral,No Comments,Southgate Ward
In person,Bearspaw Chapel,Gateway Stake,1 Hour - 1.5 Hours,2,4,200,20,Yes,2,Neutral,No Comments,Blackmud Creek Ward
In person,Londonberry Chapel,Bonnie Doon Stake,30 - 60 Minutes,2,2,17,17,No,1,Neutral,No Comments,Londonderry Ward
In person,Gateway Stake Centre ,Gateway Stake,0 - 30 Minutes,2,0,110,50,No,1,Neutral,No Comments,Crawford Plains Ward
In person,Bonnie Doon Stake Centre,Bonnie Doon Stake,1 Hour - 1.5 Hours,3,0,192,11,Yes,2,Negative,For Route 4 194 houses 19 collected,Connors Hill Ward
In person,Edmonton North Stake Centre,Edmonton North Stake,0 - 30 Minutes,1,0,1,1,No,1,Neutral,No Comments,Griesbach Ward
In person,Riverbend Stake Centre,Riverbend Stake,30 - 60 Minutes,4,0,150,17,No,1,Positive,Feels good to help in a smallwsy,Greenfield Ward
In person,Gateway Stake Centre ,Gateway Stake,0 - 30 Minutes,3,1,170,9,No,1,Neutral,No Comments,Silver Berry Ward
In person,Gateway Stake Centre ,Gateway Stake,1 Hour - 1.5 Hours,2,0,478,30,Yes,2,Negative,Na,Silver Berry Ward
In person,Bearspaw Chapel,Gateway Stake,30 - 60 Minutes,2,2,30,40,No,1,Neutral,No Comments,Blackmud Creek Ward
In person,Londonberry Chapel,Bonnie Doon Stake,30 - 60 Minutes,1,1,24,30,Yes,2,Negative,There was a mixup on route 7 someone else delivered the bags earlier,Londonderry Ward
In person,Gateway Stake Centre ,Gateway Stake,0 - 30 Minutes,4,1,80,31,No,1,Negative,It was difficult to navigate the app and find information afterwards when it was time to do our route,Silver Berry Ward
In person,Gateway Stake Centre ,Gateway Stake,0 - 30 Minutes,2,3,35,6,No,1,Negative,Half of the route ,Rio Vista Ward
In person,Bearspaw Chapel,Gateway Stake,2+ Hours,2,0,142,20,No,1,Neutral,No Comments,Lee Ridge Ward
In person,Riverbend Stake Centre,Riverbend Stake,1 Hour - 1.5 Hours,2,1,205,34,No,1,Neutral,No Comments,Terwillegar Park Ward
via Email,Bonnie Doon Stake Centre,Bonnie Doon Stake,30 - 60 Minutes,2,0,235,21,No,1,Neutral,No Comments,Connors Hill Ward
In person,Bearspaw Chapel,Gateway Stake,1 Hour - 1.5 Hours,1,4,166,32,No,1,Neutral,No Comments,Lee Ridge Ward
In person,Bonnie Doon Stake Centre,Bonnie Doon Stake,1 Hour - 1.5 Hours,2,0,200,20,Yes,3,Positive,Tha ks!,Connors Hill Ward
In person,Bonnie Doon Stake Centre,Bonnie Doon Stake,30 - 60 Minutes,2,0,225,30,No,1,Positive,Great success!,Forest Heights Ward
In person,Londonberry Chapel,Bonnie Doon Stake,1 Hour - 1.5 Hours,2,2,177,24,No,1,Positive,Plastic bags will be better,Clareview Ward
In person,Gateway Stake Centre ,Gateway Stake,30 - 60 Minutes,1,2,100,50,Yes,2,Neutral,No Comments,Crawford Plains Ward
In person,Bearspaw Chapel,Gateway Stake,30 - 60 Minutes,2,0,30,20,No,1,Neutral,No Comments,Blackmud Creek Ward
In person,Riverbend Stake Centre,Riverbend Stake,0 - 30 Minutes,3,2,204,26,Yes,2,Neutral,No Comments,Rutherford Ward
In person,Gateway Stake Centre ,Gateway Stake,1 Hour - 1.5 Hours,2,0,239,24,No,1,Neutral,No Comments,Silver Berry Ward
In person,Riverbend Stake Centre,Riverbend Stake,0 - 30 Minutes,2,0,95,15,Yes,2,Neutral,No Comments,Rabbit Hill Ward
In person,Bearspaw Chapel,YSA Stake,0 - 30 Minutes,2,0,153,8,No,1,Negative,Did half of the doors in route didn‚Äôt know the route number,Whitemud Creek YSA Ward
In person,Bearspaw Chapel,Bonnie Doon Stake,0 - 30 Minutes,2,2,108,15,No,1,Neutral,No Comments,Southgate Ward
In person,Bearspaw Chapel,Gateway Stake,2+ Hours,2,0,143,43,No,1,Neutral,No Comments,Blackmud Creek Ward
In person,Bonnie Doon Stake Centre,Bonnie Doon Stake,1 Hour - 1.5 Hours,3,4,160,35,No,1,Neutral,No Comments,Forest Heights Ward
In person,Gateway Stake Centre ,Gateway Stake,1 Hour - 1.5 Hours,2,2,265,30,Yes,2,Neutral,No Comments,Crawford Plains Ward
In person,Bearspaw Chapel,Gateway Stake,1 Hour - 1.5 Hours,2,3,260,32,No,1,Neutral,No Comments,Blackmud Creek Ward
via Email,Londonberry Chapel,Bonnie Doon Stake,1 Hour - 1.5 Hours,2,2,110,30,No,1,Neutral,No Comments,Clareview Ward
In person,Bearspaw Chapel,Bonnie Doon Stake,2+ Hours,2,0,123,15,No,1,Neutral,No Comments,Southgate Ward
In person,Riverbend Stake Centre,Riverbend Stake,1 Hour - 1.5 Hours,1,1,350,47,Yes,2,Neutral,No Comments,Terwillegar Park Ward
In person,Bonnie Doon Stake Centre,Bonnie Doon Stake,1 Hour - 1.5 Hours,2,4,225,22,No,1,Neutral,No Comments,Forest Heights Ward
In person,Bonnie Doon Stake Centre,Bonnie Doon Stake,1 Hour - 1.5 Hours,2,4,225,22,No,1,Neutral,No Comments,Forest Heights Ward
In person,Gateway Stake Centre ,Gateway Stake,30 - 60 Minutes,2,2,140,30,No,1,Neutral,No Comments,Crawford Plains Ward
In person,Bearspaw Chapel,Gateway Stake,30 - 60 Minutes,1,1,145,26,No,1,Positive,Good experience speculating that some bag weren‚Äôt delivered to a few locations in the route,Lee Ridge Ward
In person,Bearspaw Chapel,Gateway Stake,1 Hour - 1.5 Hours,2,0,210,18,No,1,Neutral,No Comments,Blackmud Creek Ward
In person,Londonberry Chapel,Bonnie Doon Stake,0 - 30 Minutes,2,1,60,16,No,1,Neutral,No Comments,Clareview Ward
In person,Bonnie Doon Stake Centre,Bonnie Doon Stake,30 - 60 Minutes,2,1,150,22,No,1,Neutral,No Comments,Forest Heights Ward
In person,Londonberry Chapel,Bonnie Doon Stake,0 - 30 Minutes,2,0,9,9,No,1,Negative,"Somebody picked bag already ( 2 people did our route ) 
Also, when we dropped off bags someone already did",Clareview Ward
via Email,Riverbend Stake Centre,Riverbend Stake,30 - 60 Minutes,2,0,167,25,No,1,Positive,Good,Woodbend Ward
In person,Bearspaw Chapel,Gateway Stake,2+ Hours,2,4,190,20,Yes,2,Neutral,No Comments,Blackmud Creek Ward
In person,Londonberry Chapel,Bonnie Doon Stake,1 Hour - 1.5 Hours,2,2,110,30,No,1,Neutral,No Comments,Clareview Ward
In person,Riverbend Stake Centre,Riverbend Stake,1 Hour - 1.5 Hours,2,0,174,17,No,1,Neutral,No Comments,Rutherford Ward
In person,Bonnie Doon Stake Centre,Bonnie Doon Stake,30 - 60 Minutes,2,0,212,16,No,1,Neutral,No Comments,Connors Hill Ward
In person,Gateway Stake Centre ,Gateway Stake,1 Hour - 1.5 Hours,2,0,150,20,No,1,Neutral,No Comments,Silver Berry Ward
In person,Riverbend Stake Centre,Riverbend Stake,0 - 30 Minutes,2,3,195,16,No,1,Neutral,No Comments,Terwillegar Park Ward
In person,Bearspaw Chapel,Gateway Stake,0 - 30 Minutes,3,0,100,27,Yes,2,Neutral,No Comments,Lee Ridge Ward
In person,Riverbend Stake Centre,Riverbend Stake,0 - 30 Minutes,2,2,100,9,No,1,Positive,Good experience,Rutherford Ward
In person,Bonnie Doon Stake Centre,Bonnie Doon Stake,30 - 60 Minutes,2,0,147,23,No,1,Neutral,No Comments,Southgate Ward
In person,Londonberry Chapel,Bonnie Doon Stake,0 - 30 Minutes,1,2,6,7,No,1,Neutral,No Comments,Londonderry Ward
In person,Gateway Stake Centre ,Gateway Stake,30 - 60 Minutes,2,0,246,30,Yes,2,Negative,Less donations than last year,Crawford Plains Ward
In person,Gateway Stake Centre ,Gateway Stake,30 - 60 Minutes,2,3,131,25,No,1,Neutral,No Comments,Crawford Plains Ward
In person,Riverbend Stake Centre,Riverbend Stake,0 - 30 Minutes,2,2,172,16,No,1,Neutral,No Comments,Rutherford Ward
In person,Edmonton North Stake Centre,Edmonton North Stake,30 - 60 Minutes,4,0,301,19,Yes,2,Neutral,No Comments,Griesbach Ward
In person,Gateway Stake Centre ,Gateway Stake,1 Hour - 1.5 Hours,2,0,236,40,No,1,Neutral,No Comments,Ellerslie Ward
In person,Bearspaw Chapel,Gateway Stake,0 - 30 Minutes,1,4,19,22,No,1,Neutral,No Comments,Lee Ridge Ward
In person,Riverbend Stake Centre,Riverbend Stake,30 - 60 Minutes,2,4,120,16,No,1,Neutral,No Comments,Greenfield Ward
In person,Bearspaw Chapel,Bonnie Doon Stake,1 Hour - 1.5 Hours,2,0,300,56,Yes,3,Neutral,No Comments,Southgate Ward
In person,Gateway Stake Centre ,Gateway Stake,1 Hour - 1.5 Hours,5,2,27,31,No,1,Neutral,No Comments,Lee Ridge Ward
In person,Gateway Stake Centre ,Gateway Stake,30 - 60 Minutes,1,3,236,32,No,1,Neutral,No Comments,Silver Berry Ward
In person,Bearspaw Chapel,Gateway Stake,0 - 30 Minutes,3,0,90,30,No,1,Positive,"More signs  in the neighborhood  required , mailboxes weren‚Äôt checked, earlier days for bags to be dropped off to give people more time",Blackmud Creek Ward
In person,Riverbend Stake Centre,Riverbend Stake,1 Hour - 1.5 Hours,4,3,145,21,Yes,2,Neutral,No Comments,Rabbit Hill Ward
In person,Riverbend Stake Centre,Riverbend Stake,30 - 60 Minutes,6,3,171,50,No,1,Positive,Good,Terwillegar Park Ward
In person,Edmonton North Stake Centre,Edmonton North Stake,30 - 60 Minutes,1,1,240,31,No,1,Negative,Part 2 of this route (420 houses total) ,Namao Ward
In person,Riverbend Stake Centre,Riverbend Stake,2+ Hours,2,1,223,100,No,1,Positive,People in edmonton are ao kind,Terwillegar Park Ward
In person,Londonberry Chapel,Bonnie Doon Stake,1 Hour - 1.5 Hours,1,2,160,19,No,1,Positive,You need sign for telling which way to go,Clareview Ward
In person,Bearspaw Chapel,Gateway Stake,2+ Hours,2,4,186,21,No,1,Neutral,No Comments,Blackmud Creek Ward
In person,Gateway Stake Centre ,Gateway Stake,30 - 60 Minutes,2,2,200,30,Yes,2,Negative,There was less donations than last year,Crawford Plains Ward
In person,Riverbend Stake Centre,Riverbend Stake,1 Hour - 1.5 Hours,2,2,500,58,Yes,3,Positive,Good,Rabbit Hill Ward
In person,Londonberry Chapel,Bonnie Doon Stake,0 - 30 Minutes,2,1,126,9,No,1,Neutral,No Comments,Clareview Ward
In person,Bearspaw Chapel,Gateway Stake,1 Hour - 1.5 Hours,1,2,147,36,Yes,2,Neutral,No Comments,Lee Ridge Ward
In person,Gateway Stake Centre ,Gateway Stake,30 - 60 Minutes,2,0,137,28,No,1,Neutral,No Comments,Lee Ridge Ward
In person,Bearspaw Chapel,Bonnie Doon Stake,1 Hour - 1.5 Hours,2,4,158,35,No,1,Neutral,No Comments,Southgate Ward
In person,Londonberry Chapel,Bonnie Doon Stake,1 Hour - 1.5 Hours,2,0,19,19,Yes,2,Neutral,No Comments,Clareview Ward
In person,Gateway Stake Centre ,Gateway Stake,0 - 30 Minutes,3,0,175,30,No,1,Neutral,No Comments,Silver Berry Ward
In person,Riverbend Stake Centre,Riverbend Stake,30 - 60 Minutes,2,2,197,45,No,1,Positive,We love the bags.,Greenfield Ward
In person,Edmonton North Stake Centre,Edmonton North Stake,0 - 30 Minutes,1,3,96,16,No,1,Neutral,No Comments,Griesbach Ward
In person,Riverbend Stake Centre,Riverbend Stake,1 Hour - 1.5 Hours,5,0,326,53,Yes,2,Neutral,No Comments,Terwillegar Park Ward
In person,Riverbend Stake Centre,Riverbend Stake,30 - 60 Minutes,2,0,139,19,No,1,Neutral,No Comments,Rutherford Ward
In person,Londonberry Chapel,Bonnie Doon Stake,0 - 30 Minutes,1,1,300,27,Yes,3,Neutral,No Comments,Clareview Ward
In person,Gateway Stake Centre ,Gateway Stake,2+ Hours,2,6,300,50,Yes,2,Neutral,No Comments,Blackmud Creek Ward
In person,Bonnie Doon Stake Centre,Bonnie Doon Stake,30 - 60 Minutes,1,0,50,10,No,1,Neutral,No Comments,Forest Heights Ward
In person,Bearspaw Chapel,Gateway Stake,1 Hour - 1.5 Hours,1,2,177,45,No,1,Positive,A lot of people came out and brought the bags instead of having to go at physical doors for all donors - didn‚Äôt know route number or # of doors,Lee Ridge Ward
In person,Riverbend Stake Centre,Riverbend Stake,1 Hour - 1.5 Hours,3,0,350,45,Yes,2,Positive,Good,Rutherford Ward
In person,Gateway Stake Centre ,Gateway Stake,1 Hour - 1.5 Hours,4,1,203,30,No,1,Neutral,No Comments,Silver Berry Ward
In person,Londonberry Chapel,Bonnie Doon Stake,30 - 60 Minutes,2,0,31,39,No,1,Neutral,No Comments,Londonderry Ward
In person,Londonberry Chapel,Bonnie Doon Stake,1 Hour - 1.5 Hours,2,0,50,40,No,1,Negative,Didn't like the bags as hard to see them,Londonderry Ward
In person,Gateway Stake Centre ,Gateway Stake,1 Hour - 1.5 Hours,2,1,176,20,Yes,2,Neutral,No Comments,Ellerslie Ward
In person,Riverbend Stake Centre,Riverbend Stake,1 Hour - 1.5 Hours,3,1,354,59,Yes,2,Neutral,No Comments,Rabbit Hill Ward
In person,Gateway Stake Centre ,Gateway Stake,30 - 60 Minutes,2,2,100,12,No,1,Negative,"Routes need to be more clear, not broken up eothin a neighbourhood. Also need to look at demographics as low income housing does not generate donations. It is wa waste of time and resources to target the families who are most likely accessing the food bank.",Crawford Plains Ward
In person,Bonnie Doon Stake Centre,Bonnie Doon Stake,2+ Hours,1,2,185,25,Yes,2,Neutral,No Comments,Connors Hill Ward
In person,Londonberry Chapel,Bonnie Doon Stake,1 Hour - 1.5 Hours,2,0,30,40,No,1,Neutral,No Comments,Londonderry Ward
In person,Gateway Stake Centre ,Gateway Stake,30 - 60 Minutes,2,0,174,25,No,1,Neutral,No Comments,Silver Berry Ward
In person,Riverbend Stake Centre,Riverbend Stake,0 - 30 Minutes,1,5,66,12,Yes,2,Positive,It was fun,Rabbit Hill Ward
In person,Gateway Stake Centre ,Gateway Stake,2+ Hours,3,8,400,41,Yes,3,Positive,Brown bags worked great. Easier to deliver.,Crawford Plains Ward
In person,Edmonton North Stake Centre,Edmonton North Stake,2+ Hours,2,0,160,32,No,1,Neutral,No Comments,Griesbach Ward
In person,Riverbend Stake Centre,Riverbend Stake,1 Hour - 1.5 Hours,2,3,209,80,No,1,Positive,Great experience for our family ,Greenfield Ward
In person,Gateway Stake Centre ,Gateway Stake,0 - 30 Minutes,1,0,138,4,No,1,Negative,"Way less donations on this route than last year, and lots of bag were still hanging in people's mailboxes untouched ",Rio Vista Ward
In person,Londonberry Chapel,Bonnie Doon Stake,30 - 60 Minutes,0,2,177,30,No,1,Neutral,No Comments,Clareview Ward
In person,Bonnie Doon Stake Centre,Bonnie Doon Stake,1 Hour - 1.5 Hours,2,0,242,46,No,1,Negative,"Not actually in Connors Hill ward, in Strathcona Married Student Ward, wasn't available in the dropdown menu",Connors Hill Ward
In person,Bonnie Doon Stake Centre,Bonnie Doon Stake,30 - 60 Minutes,2,0,150,25,No,1,Neutral,No Comments,Connors Hill Ward
In person,Londonberry Chapel,Bonnie Doon Stake,30 - 60 Minutes,2,9,20,26,No,1,Negative,Just letting people know which food bank it is going to,Londonderry Ward
In person,Riverbend Stake Centre,Riverbend Stake,1 Hour - 1.5 Hours,4,0,346,73,No,1,Neutral,No Comments,Terwillegar Park Ward
In person,Edmonton North Stake Centre,Edmonton North Stake,1 Hour - 1.5 Hours,3,0,135,14,No,1,Negative,Construction on route ,Namao Ward
In person,Riverbend Stake Centre,Riverbend Stake,30 - 60 Minutes,4,0,250,54,No,1,Neutral,No Comments,Terwillegar Park Ward
In person,Gateway Stake Centre ,Gateway Stake,1 Hour - 1.5 Hours,1,2,166,24,No,1,Neutral,No Comments,Lee Ridge Ward
via Email,Gateway Stake Centre ,Gateway Stake,0 - 30 Minutes,1,1,200,58,Yes,3,Neutral,No Comments,Ellerslie Ward
In person,Gateway Stake Centre ,Gateway Stake,30 - 60 Minutes,3,2,207,36,No,1,Neutral,No Comments,Ellerslie Ward
In person,Riverbend Stake Centre,Riverbend Stake,0 - 30 Minutes,4,4,100,25,No,1,Neutral,No Comments,Woodbend Ward
via Email,Riverbend Stake Centre,Riverbend Stake,30 - 60 Minutes,4,1,60,14,No,1,Positive,Overall good experience ,Woodbend Ward
In person,Riverbend Stake Centre,Riverbend Stake,1 Hour - 1.5 Hours,1,4,250,56,No,1,Neutral,No Comments,Terwillegar Park Ward
In person,Gateway Stake Centre ,Gateway Stake,1 Hour - 1.5 Hours,1,1,100,30,Yes,2,Neutral,No Comments,Ellerslie Ward
In person,Gateway Stake Centre ,Gateway Stake,30 - 60 Minutes,2,4,264,35,No,1,Neutral,No Comments,Silver Berry Ward
In person,Londonberry Chapel,Bonnie Doon Stake,1 Hour - 1.5 Hours,1,0,65,70,Yes,2,Positive,Brighter color bags should be there ( yellow ) ,Clareview Ward
In person,Londonberry Chapel,Bonnie Doon Stake,2+ Hours,2,0,49,73,Yes,3,Neutral,No Comments,Clareview Ward
In person,Gateway Stake Centre ,Gateway Stake,30 - 60 Minutes,2,2,205,10,Yes,2,Positive,Great fun ,Ellerslie Ward
In person,Riverbend Stake Centre,Riverbend Stake,1 Hour - 1.5 Hours,2,0,160,42,No,1,Positive,Was fine thanks,Terwillegar Park Ward
In person,Edmonton North Stake Centre,Edmonton North Stake,30 - 60 Minutes,2,1,106,23,No,1,Neutral,No Comments,Namao Ward
In person,Riverbend Stake Centre,Riverbend Stake,1 Hour - 1.5 Hours,3,0,195,29,No,1,Neutral,No Comments,Terwillegar Park Ward
via Email,Gateway Stake Centre ,Gateway Stake,1 Hour - 1.5 Hours,2,1,140,20,No,1,Neutral,No Comments,Crawford Plains Ward
In person,Bearspaw Chapel,Riverbend Stake,1 Hour - 1.5 Hours,2,4,127,58,No,1,Neutral,No Comments,Rabbit Hill Ward
In person,Riverbend Stake Centre,Riverbend Stake,1 Hour - 1.5 Hours,2,0,175,25,Yes,2,Positive,It was super fun! It made me realize that people are actually good üëç I wish that we had this kind of community activity more often!,Rabbit Hill Ward
In person,Edmonton North Stake Centre,Edmonton North Stake,30 - 60 Minutes,2,0,200,22,No,1,Negative,Ellen Pe√±a - doesn‚Äôt know route #,Namao Ward
In person,Riverbend Stake Centre,Riverbend Stake,1 Hour - 1.5 Hours,4,9,171,26,No,1,Neutral,No Comments,Terwillegar Park Ward
In person,Gateway Stake Centre ,Gateway Stake,30 - 60 Minutes,2,4,245,25,Yes,2,Neutral,No Comments,Crawford Plains Ward
In person,Bearspaw Chapel,Bonnie Doon Stake,2+ Hours,2,2,150,46,Yes,2,Neutral,No Comments,Southgate Ward
In person,Edmonton North Stake Centre,Edmonton North Stake,30 - 60 Minutes,2,0,150,16,No,1,Neutral,No Comments,Griesbach Ward
In person,Riverbend Stake Centre,Riverbend Stake,0 - 30 Minutes,2,4,136,20,No,1,Neutral,No Comments,Rutherford Ward
In person,Riverbend Stake Centre,Riverbend Stake,1 Hour - 1.5 Hours,3,2,164,30,No,1,Neutral,No Comments,Terwillegar Park Ward
In person,Gateway Stake Centre ,Gateway Stake,1 Hour - 1.5 Hours,2,4,300,75,Yes,3,Neutral,No Comments,Ellerslie Ward
In person,Londonberry Chapel,Bonnie Doon Stake,1 Hour - 1.5 Hours,1,0,225,80,Yes,2,Neutral,No Comments,Clareview Ward
In person,Gateway Stake Centre ,Gateway Stake,30 - 60 Minutes,2,3,230,42,Yes,2,Neutral,No Comments,Ellerslie Ward
In person,Bearspaw Chapel,Gateway Stake,0 - 30 Minutes,2,2,177,55,Yes,3,Positive,"Have thank you notes to leave for donors that books on the handle not everyone checks their mailboxes- leave it where it‚Äôs visible , didn‚Äôt have a count of the door numbers",Lee Ridge Ward
In person,Gateway Stake Centre ,Gateway Stake,1 Hour - 1.5 Hours,1,1,312,150,Yes,2,Positive,Thank you! This is awesome!,Rio Vista Ward
In person,Gateway Stake Centre ,Gateway Stake,30 - 60 Minutes,2,2,159,15,No,1,Neutral,No Comments,Lee Ridge Ward
In person,Riverbend Stake Centre,Riverbend Stake,2+ Hours,4,2,428,75,Yes,2,Positive,Great Fun!,Rabbit Hill Ward
In person,Riverbend Stake Centre,Riverbend Stake,30 - 60 Minutes,1,2,100,12,No,1,Neutral,No Comments,Terwillegar Park Ward
via Email,Gateway Stake Centre ,Gateway Stake,0 - 30 Minutes,1,5,239,32,Yes,2,Neutral,No Comments,Ellerslie Ward
In person,Gateway Stake Centre ,Gateway Stake,2+ Hours,2,0,400,50,Yes,3,Positive,It was fun and will do it again.,Crawford Plains Ward
via Email,Londonberry Chapel,Bonnie Doon Stake,30 - 60 Minutes,2,2,90,17,Yes,2,Neutral,No Comments,Clareview Ward
In person,Edmonton North Stake Centre,Edmonton North Stake,30 - 60 Minutes,3,0,300,24,Yes,2,Neutral,No Comments,Griesbach Ward
In person,Bearspaw Chapel,Gateway Stake,2+ Hours,2,1,260,100,No,1,Positive,"Great experience , colours of the bags need to be brighter so that donors can see it better",Blackmud Creek Ward
In person,Londonberry Chapel,Bonnie Doon Stake,0 - 30 Minutes,2,3,16,19,Yes,2,Neutral,No Comments,Londonderry Ward
via Email,Londonberry Chapel,Bonnie Doon Stake,30 - 60 Minutes,2,2,125,21,Yes,2,Neutral,No Comments,Clareview Ward
In person,Riverbend Stake Centre,Riverbend Stake,1 Hour - 1.5 Hours,1,1,184,45,No,1,Positive,Very successful ,Greenfield Ward
In person,Riverbend Stake Centre,Riverbend Stake,2+ Hours,1,3,600,118,Yes,2,Neutral,No Comments,Woodbend Ward
In person,Gateway Stake Centre ,Gateway Stake,1 Hour - 1.5 Hours,1,2,134,30,No,1,Neutral,No Comments,Crawford Plains Ward
In person,Gateway Stake Centre ,Gateway Stake,30 - 60 Minutes,2,0,270,50,Yes,2,Positive,Awesome,Rio Vista Ward
In person,Riverbend Stake Centre,Riverbend Stake,1 Hour - 1.5 Hours,3,2,500,65,Yes,4,Neutral,No Comments,Rabbit Hill Ward
In person,Gateway Stake Centre ,Gateway Stake,1 Hour - 1.5 Hours,1,0,138,6,No,1,Positive,Like being part of it,Crawford Plains Ward
In person,Gateway Stake Centre ,Gateway Stake,0 - 30 Minutes,2,2,119,14,No,1,Neutral,No Comments,Crawford Plains Ward
In person,Riverbend Stake Centre,Riverbend Stake,30 - 60 Minutes,5,0,326,53,Yes,2,Neutral,No Comments,Terwillegar Park Ward
In person,Edmonton North Stake Centre,Edmonton North Stake,30 - 60 Minutes,2,2,70,7,Yes,2,Neutral,No Comments,Namao Ward
In person,Gateway Stake Centre ,Gateway Stake,30 - 60 Minutes,4,0,278,35,No,1,Neutral,No Comments,Crawford Plains Ward
In person,Riverbend Stake Centre,Riverbend Stake,30 - 60 Minutes,3,0,329,15,No,1,Positive,Love being able to help,Rutherford Ward
In person,Bearspaw Chapel,Gateway Stake,30 - 60 Minutes,1,1,152,30,No,1,Positive,Look forward to doing it every year,Lee Ridge Ward
In person,Riverbend Stake Centre,Riverbend Stake,30 - 60 Minutes,2,3,210,25,No,1,Neutral,No Comments,Greenfield Ward
In person,Londonberry Chapel,Bonnie Doon Stake,0 - 30 Minutes,2,1,18,25,No,1,Neutral,No Comments,Clareview Ward
In person,Gateway Stake Centre ,Gateway Stake,30 - 60 Minutes,2,3,205,25,No,1,Neutral,No Comments,Ellerslie Ward
In person,Gateway Stake Centre ,Gateway Stake,0 - 30 Minutes,3,0,168,25,No,1,Neutral,No Comments,Silver Berry Ward
In person,Gateway Stake Centre ,Gateway Stake,1 Hour - 1.5 Hours,2,5,216,46,No,1,Neutral,No Comments,Ellerslie Ward
In person,Edmonton North Stake Centre,Edmonton North Stake,2+ Hours,1,4,100,18,No,1,Neutral,No Comments,Namao Ward
In person,Riverbend Stake Centre,Riverbend Stake,30 - 60 Minutes,2,4,200,49,No,1,Negative,Paper bags were harder to handle than previous plastic.,Greenfield Ward
In person,Bonnie Doon Stake Centre,Bonnie Doon Stake,2+ Hours,3,0,200,30,No,1,Negative,"Bags are too flinsy, too small and tear easily",Forest Heights Ward
In person,Bearspaw Chapel,Gateway Stake,1 Hour - 1.5 Hours,2,2,410,45,Yes,3,Neutral,Some of route 20 they need it more than they give the donations,Lee Ridge Ward
In person,Gateway Stake Centre ,Gateway Stake,1 Hour - 1.5 Hours,1,2,146,25,No,1,Neutral,No Comments,Lee Ridge Ward
In person,Riverbend Stake Centre,Riverbend Stake,1 Hour - 1.5 Hours,1,2,262,40,No,1,Neutral,No Comments,Terwillegar Park Ward
via Email,Bonnie Doon Stake Centre,Bonnie Doon Stake,0 - 30 Minutes,2,3,241,23,Yes,2,Negative,Collected about 15 bags from Ottewell 5 route and it has 209 houses. ,Connors Hill Ward
In person,Edmonton North Stake Centre,Edmonton North Stake,2+ Hours,2,2,498,55,No,1,Negative,Route2-1.1,Namao Ward
In person,Bonnie Doon Stake Centre,Bonnie Doon Stake,0 - 30 Minutes,4,0,167,30,No,1,Neutral,No Comments,Connors Hill Ward
In person,Bonnie Doon Stake Centre,Bonnie Doon Stake,1 Hour - 1.5 Hours,2,1,25,12,No,1,Neutral,No Comments,Connors Hill Ward
In person,Bearspaw Chapel,Gateway Stake,30 - 60 Minutes,2,3,240,35,No,1,Positive,"The brown bags were a huge improvement, double the amount of food this year in comparison with think the bags are responsible for that",Blackmud Creek Ward
In person,Riverbend Stake Centre,Riverbend Stake,30 - 60 Minutes,2,0,150,34,No,1,Neutral,No Comments,Terwillegar Park Ward
In person,Gateway Stake Centre ,Gateway Stake,30 - 60 Minutes,2,1,500,62,Yes,2,Neutral,No Comments,Ellerslie Ward
via Email,Bonnie Doon Stake Centre,Bonnie Doon Stake,0 - 30 Minutes,2,3,209,15,Yes,2,Neutral,No Comments,Connors Hill Ward
In person,Riverbend Stake Centre,Riverbend Stake,2+ Hours,2,4,312,60,Yes,2,Positive,It‚Äôs always great to see people helping the community,Terwillegar Park Ward
In person,Gateway Stake Centre ,Gateway Stake,30 - 60 Minutes,2,1,149,25,No,1,Neutral,No Comments,Rio Vista Ward
In person,Bonnie Doon Stake Centre,Bonnie Doon Stake,0 - 30 Minutes,4,0,167,25,No,1,Positive,This was great. I feel uplifted,Connors Hill Ward
In person,Bonnie Doon Stake Centre,Bonnie Doon Stake,2+ Hours,1,0,522,80,Yes,2,Negative,"Number of bags collected is approximate, bags were not counted. Bag collection was completed using a bicycle + trailer. Three trips were needed, totaling 2.5 hours, including travel time to drop off all three loads, and the travel time back to the route after the first two loads. 190 bags were left over from number of bags initially given. About 1/3 of houses had No Flyers/No Junk Mail/No Soliciting posted of them. ",Connors Hill Ward
In person,Edmonton North Stake Centre,Edmonton North Stake,2+ Hours,3,0,800,66,Yes,3,Neutral,No Comments,Griesbach Ward
In person,Gateway Stake Centre ,Gateway Stake,30 - 60 Minutes,1,0,115,7,No,1,Neutral,No Comments,Beaumont Ward
In person,Riverbend Stake Centre,Riverbend Stake,30 - 60 Minutes,2,4,250,47,No,1,Neutral,No Comments,Woodbend Ward
In person,Riverbend Stake Centre,Riverbend Stake,30 - 60 Minutes,2,0,282,54,Yes,3,Neutral,No Comments,Rabbit Hill Ward
In person,Riverbend Stake Centre,Riverbend Stake,1 Hour - 1.5 Hours,2,3,180,42,No,1,Neutral,No Comments,Greenfield Ward
In person,Bearspaw Chapel,Gateway Stake,1 Hour - 1.5 Hours,3,4,377,71,Yes,2,Positive,"Great experience, a bit less  than last year - think it‚Äôs because of the economy presently ",Blackmud Creek Ward
In person,Riverbend Stake Centre,Riverbend Stake,1 Hour - 1.5 Hours,2,2,101,19,No,1,Neutral,No Comments,Terwillegar Park Ward
In person,Londonberry Chapel,Bonnie Doon Stake,0 - 30 Minutes,2,1,177,5,No,1,Neutral,No Comments,Clareview Ward
In person,Gateway Stake Centre ,Gateway Stake,0 - 30 Minutes,2,0,140,17,No,1,Neutral,No Comments,Ellerslie Ward
In person,Edmonton North Stake Centre,Edmonton North Stake,30 - 60 Minutes,2,5,142,20,No,1,Neutral,No Comments,Griesbach Ward
In person,Londonberry Chapel,Bonnie Doon Stake,30 - 60 Minutes,1,1,8,10,No,1,Positive,Found paper easier to collect ,Londonderry Ward
In person,Riverbend Stake Centre,Riverbend Stake,30 - 60 Minutes,2,3,211,37,No,1,Neutral,No Comments,Greenfield Ward
In person,Bearspaw Chapel,Gateway Stake,30 - 60 Minutes,2,3,200,25,No,1,Negative,Bags - felt weren‚Äôt able to load them up because it‚Äôs a bit more fragile,Blackmud Creek Ward
In person,Bonnie Doon Stake Centre,Bonnie Doon Stake,0 - 30 Minutes,2,2,225,20,No,1,Neutral,No Comments,Forest Heights Ward
In person,Riverbend Stake Centre,Riverbend Stake,30 - 60 Minutes,2,0,500,38,No,1,Neutral,No Comments,Greenfield Ward
In person,Riverbend Stake Centre,Riverbend Stake,1 Hour - 1.5 Hours,2,4,300,50,No,1,Neutral,No Comments,Woodbend Ward
In person,Bearspaw Chapel,Gateway Stake,0 - 30 Minutes,4,0,155,21,No,1,Negative,Seemed to be a bit less than last year,Lee Ridge Ward
In person,Gateway Stake Centre ,Gateway Stake,30 - 60 Minutes,2,0,171,12,No,1,Positive,Really enjoy ,Crawford Plains Ward
In person,Riverbend Stake Centre,Riverbend Stake,1 Hour - 1.5 Hours,3,1,192,37,No,1,Neutral,No Comments,Terwillegar Park Ward
In person,Riverbend Stake Centre,Riverbend Stake,1 Hour - 1.5 Hours,3,0,215,38,No,1,Neutral,No Comments,Rabbit Hill Ward
via Email,Gateway Stake Centre ,Gateway Stake,30 - 60 Minutes,3,4,188,27,Yes,3,Neutral,No Comments,Silver Berry Ward
In person,Riverbend Stake Centre,Riverbend Stake,1 Hour - 1.5 Hours,2,0,302,65,No,1,Positive,Also collected st ine 162 unit condo,Rabbit Hill Ward
In person,Riverbend Stake Centre,Riverbend Stake,1 Hour - 1.5 Hours,2,2,360,30,Yes,2,Neutral,No Comments,Rutherford Ward
In person,Edmonton North Stake Centre,Edmonton North Stake,1 Hour - 1.5 Hours,5,10,800,95,No,1,Neutral,No Comments,Namao Ward
In person,Riverbend Stake Centre,Riverbend Stake,1 Hour - 1.5 Hours,2,3,300,40,Yes,2,Neutral,No Comments,Terwillegar Park Ward
In person,Riverbend Stake Centre,Riverbend Stake,1 Hour - 1.5 Hours,4,2,289,55,Yes,2,Positive,Total bags are from both routes. ,Rutherford Ward
In person,Gateway Stake Centre ,Gateway Stake,30 - 60 Minutes,1,3,151,34,No,1,Neutral,No Comments,Rio Vista Ward
In person,Edmonton North Stake Centre,Edmonton North Stake,2+ Hours,2,0,800,57,Yes,4,Positive,Great,Griesbach Ward
In person,Londonberry Chapel,Bonnie Doon Stake,30 - 60 Minutes,2,0,40,3,No,1,Neutral,No Comments,Londonderry Ward
In person,Riverbend Stake Centre,Riverbend Stake,30 - 60 Minutes,2,2,200,42,No,1,Neutral,No Comments,Greenfield Ward
In person,Riverbend Stake Centre,Riverbend Stake,30 - 60 Minutes,2,2,300,35,No,1,Neutral,No Comments,Woodbend Ward
In person,Gateway Stake Centre ,Gateway Stake,1 Hour - 1.5 Hours,2,2,257,31,Yes,2,Neutral,No Comments,Crawford Plains Ward
In person,Edmonton North Stake Centre,Edmonton North Stake,30 - 60 Minutes,1,1,433,39,No,1,Positive,Third trip yay! ,Namao Ward
In person,Riverbend Stake Centre,Riverbend Stake,2+ Hours,1,2,182,43,Yes,2,Positive,"Its so fun
Nice to help",Terwillegar Park Ward
In person,Gateway Stake Centre ,Gateway Stake,1 Hour - 1.5 Hours,1,4,300,40,No,1,Neutral,No Comments,Rio Vista Ward
In person,Edmonton North Stake Centre,Edmonton North Stake,0 - 30 Minutes,1,2,212,20,No,1,Neutral,No Comments,Griesbach Ward
In person,Edmonton North Stake Centre,Edmonton North Stake,2+ Hours,2,2,400,123,Yes,3,Negative,"2-3.2 had 200 doors
2-1.2 had 323 doors",Namao Ward
In person,Riverbend Stake Centre,Riverbend Stake,0 - 30 Minutes,2,0,132,16,No,1,Neutral,No Comments,Rabbit Hill Ward
In person,Londonberry Chapel,Bonnie Doon Stake,2+ Hours,3,0,50,50,Yes,2,Neutral,No Comments,Londonderry Ward
In person,Gateway Stake Centre ,Gateway Stake,30 - 60 Minutes,1,4,245,28,No,1,Neutral,No Comments,Silver Berry Ward
In person,Gateway Stake Centre ,Gateway Stake,30 - 60 Minutes,2,1,160,29,Yes,2,Neutral,No Comments,Lee Ridge Ward
In person,Londonberry Chapel,Bonnie Doon Stake,0 - 30 Minutes,2,0,131,9,Yes,2,Positive,Bag should be of different colour so that it's easy to locate ,Londonderry Ward
In person,Riverbend Stake Centre,Riverbend Stake,1 Hour - 1.5 Hours,2,0,150,41,No,1,Neutral,No Comments,Greenfield Ward
In person,Edmonton North Stake Centre,Edmonton North Stake,30 - 60 Minutes,3,4,32,30,No,1,Neutral,No Comments,Griesbach Ward
In person,Londonberry Chapel,Bonnie Doon Stake,2+ Hours,1,1,150,45,Yes,2,Neutral,No Comments,Clareview Ward
In person,Riverbend Stake Centre,Riverbend Stake,2+ Hours,3,0,1030,100,Yes,4,Positive,It was awesome.,Terwillegar Park Ward
In person,Gateway Stake Centre ,Gateway Stake,0 - 30 Minutes,3,0,233,30,No,1,Neutral,No Comments,Silver Berry Ward
In person,Gateway Stake Centre ,Gateway Stake,1 Hour - 1.5 Hours,2,2,180,20,No,1,Neutral,No Comments,Silver Berry Ward
In person,Riverbend Stake Centre,Riverbend Stake,1 Hour - 1.5 Hours,2,3,219,50,No,1,Neutral,No Comments,Greenfield Ward
In person,Londonberry Chapel,Bonnie Doon Stake,0 - 30 Minutes,2,0,15,12,No,1,Neutral,No Comments,Londonderry Ward
In person,Riverbend Stake Centre,Riverbend Stake,1 Hour - 1.5 Hours,2,0,283,51,No,1,Positive,Well organised ,Terwillegar Park Ward
In person,Riverbend Stake Centre,Riverbend Stake,1 Hour - 1.5 Hours,2,1,175,40,Yes,3,Positive,Other routes equaled 394 door and 52 doors colkected,Rabbit Hill Ward
In person,Riverbend Stake Centre,Riverbend Stake,2+ Hours,1,5,132,22,Yes,2,Neutral,No Comments,Rabbit Hill Ward
In person,Riverbend Stake Centre,Riverbend Stake,1 Hour - 1.5 Hours,2,3,350,49,Yes,2,Positive,Very smooth and efficient. ,Terwillegar Park Ward
In person,Gateway Stake Centre ,Gateway Stake,2+ Hours,2,4,730,64,Yes,4,Neutral,No Comments,Crawford Plains Ward
In person,Riverbend Stake Centre,Riverbend Stake,30 - 60 Minutes,1,0,150,20,No,1,Neutral,No Comments,Rutherford Ward
via Email,Gateway Stake Centre ,Gateway Stake,1 Hour - 1.5 Hours,2,2,339,40,No,1,Neutral,No Comments,Silver Berry Ward
In person,Riverbend Stake Centre,Riverbend Stake,2+ Hours,2,1,181,60,Yes,3,Neutral,No Comments,Rabbit Hill Ward
In person,Gateway Stake Centre ,Gateway Stake,30 - 60 Minutes,1,1,146,22,No,1,Neutral,No Comments,Lee Ridge Ward
In person,Gateway Stake Centre ,Gateway Stake,30 - 60 Minutes,2,0,225,30,No,1,Neutral,No Comments,Ellerslie Ward
In person,Riverbend Stake Centre,Riverbend Stake,0 - 30 Minutes,2,3,142,23,No,1,Negative,I did not like filling out this survey it distracted from the service i was doing ,Rutherford Ward
In person,Edmonton North Stake Centre,Edmonton North Stake,2+ Hours,2,0,950,133,Yes,4,Neutral,No Comments,Griesbach Ward
In person,Riverbend Stake Centre,Riverbend Stake,30 - 60 Minutes,2,4,100,28,No,1,Neutral,No Comments,Greenfield Ward
via Email,Bearspaw Chapel,Gateway Stake,1 Hour - 1.5 Hours,4,4,11,16,Yes,3,Neutral,No Comments,Lee Ridge Ward
via Email,Bearspaw Chapel,Gateway Stake,1 Hour - 1.5 Hours,4,4,158,24,Yes,3,Neutral,No Comments,Lee Ridge Ward
In person,Gateway Stake Centre ,Gateway Stake,2+ Hours,1,0,260,200,Yes,2,Neutral,No Comments,Crawford Plains Ward
via Email,Bearspaw Chapel,Gateway Stake,1 Hour - 1.5 Hours,2,0,159,29,No,1,Positive,Went well. Great weather,Lee Ridge Ward
via Email,Bearspaw Chapel,Gateway Stake,1 Hour - 1.5 Hours,4,4,153,25,Yes,3,Neutral,No Comments,Lee Ridge Ward
In person,Gateway Stake Centre ,Gateway Stake,1 Hour - 1.5 Hours,2,2,126,20,Yes,3,Neutral,No Comments,Rio Vista Ward
via Email,Gateway Stake Centre ,Gateway Stake,30 - 60 Minutes,3,4,206,32,Yes,3,Neutral,No Comments,Silver Berry Ward
via Email,Gateway Stake Centre ,Gateway Stake,30 - 60 Minutes,3,4,202,27,Yes,3,Neutral,No Comments,Silver Berry Ward
In person,Edmonton North Stake Centre,Edmonton North Stake,1 Hour - 1.5 Hours,3,1,313,45,Yes,2,Neutral,No Comments,Griesbach Ward
In person,Edmonton North Stake Centre,Edmonton North Stake,0 - 30 Minutes,3,1,140,18,No,1,Neutral,No Comments,Griesbach Ward
In person,Edmonton North Stake Centre,Edmonton North Stake,1 Hour - 1.5 Hours,3,0,300,47,Yes,2,Neutral,No Comments,Griesbach Ward
In person,Edmonton North Stake Centre,Edmonton North Stake,30 - 60 Minutes,1,4,200,40,Yes,2,Neutral,No Comments,Griesbach Ward
In person,Edmonton North Stake Centre,Edmonton North Stake,1 Hour - 1.5 Hours,1,0,151,16,No,1,Positive,Nice doing it ,Namao Ward
via Email,Bearspaw Chapel,Gateway Stake,0 - 30 Minutes,2,4,169,18,Yes,4,Neutral,No Comments,Lee Ridge Ward
via Email,Bearspaw Chapel,Gateway Stake,0 - 30 Minutes,4,4,165,23,Yes,4,Neutral,No Comments,Lee Ridge Ward
via Email,Bearspaw Chapel,Gateway Stake,0 - 30 Minutes,4,4,166,10,Yes,4,Neutral,No Comments,Lee Ridge Ward
via Email,Bearspaw Chapel,Gateway Stake,0 - 30 Minutes,2,4,163,17,Yes,4,Neutral,No Comments,Lee Ridge Ward
via Email,Bearspaw Chapel,Gateway Stake,0 - 30 Minutes,2,2,95,20,No,1,Neutral,No Comments,Blackmud Creek Ward
In person,Bonnie Doon Stake Centre,Bonnie Doon Stake,30 - 60 Minutes,1,0,40,15,No,1,Neutral,No Comments,Clareview Ward
In person,Bonnie Doon Stake Centre,Bonnie Doon Stake,30 - 60 Minutes,2,1,150,15,No,1,Neutral,No Comments,Clareview Ward
In person,Bonnie Doon Stake Centre,Bonnie Doon Stake,0 - 30 Minutes,1,2,100,15,No,1,Neutral,No Comments,Connors Hill Ward
In person,Bonnie Doon Stake Centre,Bonnie Doon Stake,1 Hour - 1.5 Hours,2,0,50,15,No,1,Neutral,No Comments,Londonderry Ward
In person,Bonnie Doon Stake Centre,Bonnie Doon Stake,0 - 30 Minutes,1,0,50,20,No,1,Neutral,No Comments,Forest Heights Ward
In person,Bonnie Doon Stake Centre,Bonnie Doon Stake,30 - 60 Minutes,1,0,235,21,No,1,Neutral,No Comments,Forest Heights Ward
In person,Bonnie Doon Stake Centre,Bonnie Doon Stake,30 - 60 Minutes,1,0,200,100,No,1,Neutral,No Comments,Connors Hill Ward
via Email,Bearspaw Chapel,Bonnie Doon Stake,1 Hour - 1.5 Hours,3,0,375,58,Yes,4,Negative,All the #s are for all routes,Southgate Ward
via Email,Bearspaw Chapel,Gateway Stake,30 - 60 Minutes,2,0,175,30,No,1,Neutral,No Comments,Lee Ridge Ward
via Email,Communities Outside Edmonton,Gateway Stake,2+ Hours,2,0,99,11,Yes,2,Neutral,No Comments,Wainwright Branch
via Email,Communities Outside Edmonton,Gateway Stake,2+ Hours,2,0,153,13,Yes,2,Neutral,No Comments,Wainwright Branch
In person,Bonnie Doon Stake Centre,Bonnie Doon Stake,1 Hour - 1.5 Hours,5,0,202,26,No,1,Negative,Another survey was submitted for Strathcona 7 as well.,Connors Hill Ward
via Email,Riverbend Stake Centre,Riverbend Stake,1 Hour - 1.5 Hours,2,3,200,60,Yes,2,Neutral,No Comments,Rabbit Hill Ward
via Email,Riverbend Stake Centre,Riverbend Stake,30 - 60 Minutes,2,1,159,19,No,1,Neutral,No Comments,Rutherford Ward
via Email,Riverbend Stake Centre,Riverbend Stake,0 - 30 Minutes,2,4,158,24,No,1,Neutral,No Comments,Rutherford Ward
via Email,Riverbend Stake Centre,Riverbend Stake,1 Hour - 1.5 Hours,3,0,132,19,Yes,2,Neutral,No Comments,Rabbit Hill Ward
via Email,Bearspaw Chapel,Riverbend Stake,1 Hour - 1.5 Hours,2,0,289,40,Yes,2,Positive,"Although we go to Rabbit Hill ward, we live closer to the Bearspaw chapel so dropped donations off there. Seemed like much less in the way of donations this year. Thank you NorQuest for helping with the numbers part of this üòä",Rabbit Hill Ward
via Email,Riverbend Stake Centre,Riverbend Stake,1 Hour - 1.5 Hours,3,0,122,20,Yes,2,Neutral,No Comments,Rabbit Hill Ward
via Email,Bearspaw Chapel,Gateway Stake,0 - 30 Minutes,1,1,136,21,Yes,2,Neutral,No Comments,Lee Ridge Ward
via Email,Bearspaw Chapel,Gateway Stake,0 - 30 Minutes,1,1,166,8,Yes,2,Neutral,No Comments,Lee Ridge Ward
via Email,Riverbend Stake Centre,Riverbend Stake,0 - 30 Minutes,3,0,110,10,No,1,Negative,About 12 doors had no soliciting signs,Woodbend Ward
via Email,Riverbend Stake Centre,Riverbend Stake,2+ Hours,1,1,250,62,No,1,Positive,"Many houses did not have their bags in a visible area. 
Is there a way to partner with Canada post so the bags can be provided to neighbors in their mail?",Terwillegar Park Ward
via Email,Riverbend Stake Centre,Riverbend Stake,1 Hour - 1.5 Hours,2,2,60,35,No,1,Neutral,No Comments,Woodbend Ward
via Email,Riverbend Stake Centre,Riverbend Stake,30 - 60 Minutes,2,3,120,31,No,1,Negative,"I'm not sure about the number of doors, this is just an estimate - sorry!",Greenfield Ward
via Email,Riverbend Stake Centre,Riverbend Stake,1 Hour - 1.5 Hours,2,3,200,100,No,1,Neutral,No Comments,Greenfield Ward
via Email,Riverbend Stake Centre,Riverbend Stake,30 - 60 Minutes,2,0,211,47,No,1,Neutral,No Comments,Greenfield Ward
via Email,Riverbend Stake Centre,Riverbend Stake,0 - 30 Minutes,2,1,58,6,No,1,Neutral,No Comments,Rabbit Hill Ward
via Email,Bonnie Doon Stake Centre,Bonnie Doon Stake,30 - 60 Minutes,2,0,150,23,No,1,Positive,"This is an annual tradition for me‚Äîit feels so good to be able to contribute and serve in this way. I wish I could do more! But as I‚Äôm getting older, this is the best I can do and I‚Äôm grateful to be able to do it. Thank you to all the volunteers who make this happen. ",Connors Hill Ward
via Email,Riverbend Stake Centre,Riverbend Stake,1 Hour - 1.5 Hours,1,0,140,33,No,1,Positive,It's a big route for 1 person. The maps for the routes need addresses (at least around the borders of the route) as I don't know how to read maps very well & so that people are not doubling up on the houses (some of the houses my route already has bags in their mailboxes),Greenfield Ward
via Email,Riverbend Stake Centre,Riverbend Stake,1 Hour - 1.5 Hours,3,0,121,45,No,1,Positive,"We need to give people more time to go shopping to get food for donations - that was a comment that I received from multiple people. 
Another comment I got was that the bags are small.  (Not everyone was that generous, but some people had filled up the bag to the top).
As someone picking up bags I found that the brown paper bag blended into people's doorsteps and was hard to see.  The old plastic bags were better, but if you need to use paper then maybe get them colored bright orange, yellow or blue.  
The person helping me deliver bags had trouble with the map (it really isn't very good) and ended up doing part of someone else's route (I let my coordinator know so the other person didn't double up bags on people's steps).  Maps could be a lot better, they need more details.  
Note - according to the map there were more doors than I delivered to, some were 'No Soliciting' and some I just didn't get to because of time and also because I knew from previous experience that people in those areas didn't participate.  (Sorry, I have arthritic knees and I did what I could which is more than last year, no one did my area in 2023).",Terwillegar Park Ward
